folder,filename,height,width,channels
../data/raw-img/cane/splitted_images,file-0-left-upper-corner,150,112,3
../data/raw-img/cane/splitted_images,file-0-left-lower-corner,150,112,3
../data/raw-img/cane/splitted_images,file-0-right-upper-corner,150,113,3
../data/raw-img/cane/splitted_images,file-0-right-lower-corner,150,113,3
../data/raw-img/cane/splitted_images,file-1-left-upper-corner,112,150,3
../data/raw-img/cane/splitted_images,file-1-left-lower-corner,113,150,3
../data/raw-img/cane/splitted_images,file-1-right-upper-corner,112,150,3
../data/raw-img/cane/splitted_images,file-1-right-lower-corner,113,150,3
../data/raw-img/cane/splitted_images,file-2-left-upper-corner,112,150,3
../data/raw-img/cane/splitted_images,file-2-left-lower-corner,113,150,3
../data/raw-img/cane/splitted_images,file-2-right-upper-corner,112,150,3
../data/raw-img/cane/splitted_images,file-2-right-lower-corner,113,150,3
../data/raw-img/cane/splitted_images,file-3-left-upper-corner,84,150,3
../data/raw-img/cane/splitted_images,file-3-left-lower-corner,85,150,3
../data/raw-img/cane/splitted_images,file-3-right-upper-corner,84,150,3
../data/raw-img/cane/splitted_images,file-3-right-lower-corner,85,150,3
../data/raw-img/cane/splitted_images,file-4-left-upper-corner,145,150,3
../data/raw-img/cane/splitted_images,file-4-left-lower-corner,146,150,3
../data/raw-img/cane/splitted_images,file-4-right-upper-corner,145,150,3
../data/raw-img/cane/splitted_images,file-4-right-lower-corner,146,150,3
../data/raw-img/cane/splitted_images,file-5-left-upper-corner,119,150,3
../data/raw-img/cane/splitted_images,file-5-left-lower-corner,119,150,3
../data/raw-img/cane/splitted_images,file-5-right-upper-corner,119,150,3
../data/raw-img/cane/splitted_images,file-5-right-lower-corner,119,150,3
../data/raw-img/cane/splitted_images,file-6-left-upper-corner,116,150,3
../data/raw-img/cane/splitted_images,file-6-left-lower-corner,117,150,3
../data/raw-img/cane/splitted_images,file-6-right-upper-corner,116,150,3
../data/raw-img/cane/splitted_images,file-6-right-lower-corner,117,150,3
../data/raw-img/cane/splitted_images,file-7-left-upper-corner,150,113,3
../data/raw-img/cane/splitted_images,file-7-left-lower-corner,150,113,3
../data/raw-img/cane/splitted_images,file-7-right-upper-corner,150,113,3
../data/raw-img/cane/splitted_images,file-7-right-lower-corner,150,113,3
../data/raw-img/cane/splitted_images,file-8-left-upper-corner,85,150,3
../data/raw-img/cane/splitted_images,file-8-left-lower-corner,85,150,3
../data/raw-img/cane/splitted_images,file-8-right-upper-corner,85,150,3
../data/raw-img/cane/splitted_images,file-8-right-lower-corner,85,150,3
../data/raw-img/cane/splitted_images,file-9-left-upper-corner,100,150,3
../data/raw-img/cane/splitted_images,file-9-left-lower-corner,100,150,3
../data/raw-img/cane/splitted_images,file-9-right-upper-corner,100,150,3
../data/raw-img/cane/splitted_images,file-9-right-lower-corner,100,150,3
../data/raw-img/scoiatollo/splitted_images,file-0-left-upper-corner,94,150,3
../data/raw-img/scoiatollo/splitted_images,file-0-left-lower-corner,94,150,3
../data/raw-img/scoiatollo/splitted_images,file-0-right-upper-corner,94,150,3
../data/raw-img/scoiatollo/splitted_images,file-0-right-lower-corner,94,150,3
../data/raw-img/scoiatollo/splitted_images,file-1-left-upper-corner,100,150,3
../data/raw-img/scoiatollo/splitted_images,file-1-left-lower-corner,100,150,3
../data/raw-img/scoiatollo/splitted_images,file-1-right-upper-corner,100,150,3
../data/raw-img/scoiatollo/splitted_images,file-1-right-lower-corner,100,150,3
../data/raw-img/scoiatollo/splitted_images,file-2-left-upper-corner,115,150,3
../data/raw-img/scoiatollo/splitted_images,file-2-left-lower-corner,115,150,3
../data/raw-img/scoiatollo/splitted_images,file-2-right-upper-corner,115,150,3
../data/raw-img/scoiatollo/splitted_images,file-2-right-lower-corner,115,150,3
../data/raw-img/scoiatollo/splitted_images,file-3-left-upper-corner,112,150,3
../data/raw-img/scoiatollo/splitted_images,file-3-left-lower-corner,113,150,3
../data/raw-img/scoiatollo/splitted_images,file-3-right-upper-corner,112,150,3
../data/raw-img/scoiatollo/splitted_images,file-3-right-lower-corner,113,150,3
../data/raw-img/scoiatollo/splitted_images,file-4-left-upper-corner,112,150,3
../data/raw-img/scoiatollo/splitted_images,file-4-left-lower-corner,113,150,3
../data/raw-img/scoiatollo/splitted_images,file-4-right-upper-corner,112,150,3
../data/raw-img/scoiatollo/splitted_images,file-4-right-lower-corner,113,150,3
../data/raw-img/scoiatollo/splitted_images,file-5-left-upper-corner,112,150,3
../data/raw-img/scoiatollo/splitted_images,file-5-left-lower-corner,113,150,3
../data/raw-img/scoiatollo/splitted_images,file-5-right-upper-corner,112,150,3
../data/raw-img/scoiatollo/splitted_images,file-5-right-lower-corner,113,150,3
../data/raw-img/scoiatollo/splitted_images,file-6-left-upper-corner,94,150,3
../data/raw-img/scoiatollo/splitted_images,file-6-left-lower-corner,94,150,3
../data/raw-img/scoiatollo/splitted_images,file-6-right-upper-corner,94,150,3
../data/raw-img/scoiatollo/splitted_images,file-6-right-lower-corner,94,150,3
../data/raw-img/scoiatollo/splitted_images,file-7-left-upper-corner,140,150,3
../data/raw-img/scoiatollo/splitted_images,file-7-left-lower-corner,141,150,3
../data/raw-img/scoiatollo/splitted_images,file-7-right-upper-corner,140,150,3
../data/raw-img/scoiatollo/splitted_images,file-7-right-lower-corner,141,150,3
../data/raw-img/scoiatollo/splitted_images,file-8-left-upper-corner,100,150,3
../data/raw-img/scoiatollo/splitted_images,file-8-left-lower-corner,100,150,3
../data/raw-img/scoiatollo/splitted_images,file-8-right-upper-corner,100,150,3
../data/raw-img/scoiatollo/splitted_images,file-8-right-lower-corner,100,150,3
../data/raw-img/scoiatollo/splitted_images,file-9-left-upper-corner,104,150,3
../data/raw-img/scoiatollo/splitted_images,file-9-left-lower-corner,104,150,3
../data/raw-img/scoiatollo/splitted_images,file-9-right-upper-corner,104,150,3
../data/raw-img/scoiatollo/splitted_images,file-9-right-lower-corner,104,150,3
../data/raw-img/cavallo/splitted_images,file-0-left-upper-corner,100,150,3
../data/raw-img/cavallo/splitted_images,file-0-left-lower-corner,101,150,3
../data/raw-img/cavallo/splitted_images,file-0-right-upper-corner,100,150,3
../data/raw-img/cavallo/splitted_images,file-0-right-lower-corner,101,150,3
../data/raw-img/cavallo/splitted_images,file-1-left-upper-corner,101,150,3
../data/raw-img/cavallo/splitted_images,file-1-left-lower-corner,101,150,3
../data/raw-img/cavallo/splitted_images,file-1-right-upper-corner,101,150,3
../data/raw-img/cavallo/splitted_images,file-1-right-lower-corner,101,150,3
../data/raw-img/cavallo/splitted_images,file-2-left-upper-corner,109,150,3
../data/raw-img/cavallo/splitted_images,file-2-left-lower-corner,110,150,3
../data/raw-img/cavallo/splitted_images,file-2-right-upper-corner,109,150,3
../data/raw-img/cavallo/splitted_images,file-2-right-lower-corner,110,150,3
../data/raw-img/cavallo/splitted_images,file-3-left-upper-corner,109,150,3
../data/raw-img/cavallo/splitted_images,file-3-left-lower-corner,110,150,3
../data/raw-img/cavallo/splitted_images,file-3-right-upper-corner,109,150,3
../data/raw-img/cavallo/splitted_images,file-3-right-lower-corner,110,150,3
../data/raw-img/cavallo/splitted_images,file-4-left-upper-corner,116,150,3
../data/raw-img/cavallo/splitted_images,file-4-left-lower-corner,117,150,3
../data/raw-img/cavallo/splitted_images,file-4-right-upper-corner,116,150,3
../data/raw-img/cavallo/splitted_images,file-4-right-lower-corner,117,150,3
../data/raw-img/cavallo/splitted_images,file-5-left-upper-corner,84,150,3
../data/raw-img/cavallo/splitted_images,file-5-left-lower-corner,85,150,3
../data/raw-img/cavallo/splitted_images,file-5-right-upper-corner,84,150,3
../data/raw-img/cavallo/splitted_images,file-5-right-lower-corner,85,150,3
../data/raw-img/cavallo/splitted_images,file-6-left-upper-corner,108,150,3
../data/raw-img/cavallo/splitted_images,file-6-left-lower-corner,108,150,3
../data/raw-img/cavallo/splitted_images,file-6-right-upper-corner,108,150,3
../data/raw-img/cavallo/splitted_images,file-6-right-lower-corner,108,150,3
../data/raw-img/cavallo/splitted_images,file-7-left-upper-corner,94,150,3
../data/raw-img/cavallo/splitted_images,file-7-left-lower-corner,94,150,3
../data/raw-img/cavallo/splitted_images,file-7-right-upper-corner,94,150,3
../data/raw-img/cavallo/splitted_images,file-7-right-lower-corner,94,150,3
../data/raw-img/cavallo/splitted_images,file-8-left-upper-corner,100,150,3
../data/raw-img/cavallo/splitted_images,file-8-left-lower-corner,100,150,3
../data/raw-img/cavallo/splitted_images,file-8-right-upper-corner,100,150,3
../data/raw-img/cavallo/splitted_images,file-8-right-lower-corner,100,150,3
../data/raw-img/cavallo/splitted_images,file-9-left-upper-corner,112,150,3
../data/raw-img/cavallo/splitted_images,file-9-left-lower-corner,113,150,3
../data/raw-img/cavallo/splitted_images,file-9-right-upper-corner,112,150,3
../data/raw-img/cavallo/splitted_images,file-9-right-lower-corner,113,150,3
../data/raw-img/mucca/splitted_images,file-0-left-upper-corner,100,150,3
../data/raw-img/mucca/splitted_images,file-0-left-lower-corner,100,150,3
../data/raw-img/mucca/splitted_images,file-0-right-upper-corner,100,150,3
../data/raw-img/mucca/splitted_images,file-0-right-lower-corner,100,150,3
../data/raw-img/mucca/splitted_images,file-1-left-upper-corner,112,150,3
../data/raw-img/mucca/splitted_images,file-1-left-lower-corner,113,150,3
../data/raw-img/mucca/splitted_images,file-1-right-upper-corner,112,150,3
../data/raw-img/mucca/splitted_images,file-1-right-lower-corner,113,150,3
../data/raw-img/mucca/splitted_images,file-2-left-upper-corner,92,150,3
../data/raw-img/mucca/splitted_images,file-2-left-lower-corner,93,150,3
../data/raw-img/mucca/splitted_images,file-2-right-upper-corner,92,150,3
../data/raw-img/mucca/splitted_images,file-2-right-lower-corner,93,150,3
../data/raw-img/mucca/splitted_images,file-3-left-upper-corner,112,150,3
../data/raw-img/mucca/splitted_images,file-3-left-lower-corner,113,150,3
../data/raw-img/mucca/splitted_images,file-3-right-upper-corner,112,150,3
../data/raw-img/mucca/splitted_images,file-3-right-lower-corner,113,150,3
../data/raw-img/mucca/splitted_images,file-4-left-upper-corner,66,150,3
../data/raw-img/mucca/splitted_images,file-4-left-lower-corner,66,150,3
../data/raw-img/mucca/splitted_images,file-4-right-upper-corner,66,150,3
../data/raw-img/mucca/splitted_images,file-4-right-lower-corner,66,150,3
../data/raw-img/mucca/splitted_images,file-5-left-upper-corner,97,150,3
../data/raw-img/mucca/splitted_images,file-5-left-lower-corner,97,150,3
../data/raw-img/mucca/splitted_images,file-5-right-upper-corner,97,150,3
../data/raw-img/mucca/splitted_images,file-5-right-lower-corner,97,150,3
../data/raw-img/mucca/splitted_images,file-6-left-upper-corner,112,150,3
../data/raw-img/mucca/splitted_images,file-6-left-lower-corner,113,150,3
../data/raw-img/mucca/splitted_images,file-6-right-upper-corner,112,150,3
../data/raw-img/mucca/splitted_images,file-6-right-lower-corner,113,150,3
../data/raw-img/mucca/splitted_images,file-7-left-upper-corner,112,150,3
../data/raw-img/mucca/splitted_images,file-7-left-lower-corner,113,150,3
../data/raw-img/mucca/splitted_images,file-7-right-upper-corner,112,150,3
../data/raw-img/mucca/splitted_images,file-7-right-lower-corner,113,150,3
../data/raw-img/mucca/splitted_images,file-8-left-upper-corner,100,150,3
../data/raw-img/mucca/splitted_images,file-8-left-lower-corner,100,150,3
../data/raw-img/mucca/splitted_images,file-8-right-upper-corner,100,150,3
../data/raw-img/mucca/splitted_images,file-8-right-lower-corner,100,150,3
../data/raw-img/mucca/splitted_images,file-9-left-upper-corner,104,150,3
../data/raw-img/mucca/splitted_images,file-9-left-lower-corner,105,150,3
../data/raw-img/mucca/splitted_images,file-9-right-upper-corner,104,150,3
../data/raw-img/mucca/splitted_images,file-9-right-lower-corner,105,150,3
../data/raw-img/gallina/splitted_images,file-0-left-upper-corner,150,145,3
../data/raw-img/gallina/splitted_images,file-0-left-lower-corner,150,145,3
../data/raw-img/gallina/splitted_images,file-0-right-upper-corner,150,146,3
../data/raw-img/gallina/splitted_images,file-0-right-lower-corner,150,146,3
../data/raw-img/gallina/splitted_images,file-1-left-upper-corner,112,150,3
../data/raw-img/gallina/splitted_images,file-1-left-lower-corner,113,150,3
../data/raw-img/gallina/splitted_images,file-1-right-upper-corner,112,150,3
../data/raw-img/gallina/splitted_images,file-1-right-lower-corner,113,150,3
../data/raw-img/gallina/splitted_images,file-2-left-upper-corner,100,150,3
../data/raw-img/gallina/splitted_images,file-2-left-lower-corner,100,150,3
../data/raw-img/gallina/splitted_images,file-2-right-upper-corner,100,150,3
../data/raw-img/gallina/splitted_images,file-2-right-lower-corner,100,150,3
../data/raw-img/gallina/splitted_images,file-3-left-upper-corner,99,150,3
../data/raw-img/gallina/splitted_images,file-3-left-lower-corner,100,150,3
../data/raw-img/gallina/splitted_images,file-3-right-upper-corner,99,150,3
../data/raw-img/gallina/splitted_images,file-3-right-lower-corner,100,150,3
../data/raw-img/gallina/splitted_images,file-4-left-upper-corner,150,112,3
../data/raw-img/gallina/splitted_images,file-4-left-lower-corner,150,112,3
../data/raw-img/gallina/splitted_images,file-4-right-upper-corner,150,113,3
../data/raw-img/gallina/splitted_images,file-4-right-lower-corner,150,113,3
../data/raw-img/gallina/splitted_images,file-5-left-upper-corner,112,150,3
../data/raw-img/gallina/splitted_images,file-5-left-lower-corner,113,150,3
../data/raw-img/gallina/splitted_images,file-5-right-upper-corner,112,150,3
../data/raw-img/gallina/splitted_images,file-5-right-lower-corner,113,150,3
../data/raw-img/gallina/splitted_images,file-6-left-upper-corner,112,150,3
../data/raw-img/gallina/splitted_images,file-6-left-lower-corner,113,150,3
../data/raw-img/gallina/splitted_images,file-6-right-upper-corner,112,150,3
../data/raw-img/gallina/splitted_images,file-6-right-lower-corner,113,150,3
../data/raw-img/gallina/splitted_images,file-7-left-upper-corner,112,150,3
../data/raw-img/gallina/splitted_images,file-7-left-lower-corner,113,150,3
../data/raw-img/gallina/splitted_images,file-7-right-upper-corner,112,150,3
../data/raw-img/gallina/splitted_images,file-7-right-lower-corner,113,150,3
../data/raw-img/gallina/splitted_images,file-8-left-upper-corner,112,150,3
../data/raw-img/gallina/splitted_images,file-8-left-lower-corner,113,150,3
../data/raw-img/gallina/splitted_images,file-8-right-upper-corner,112,150,3
../data/raw-img/gallina/splitted_images,file-8-right-lower-corner,113,150,3
../data/raw-img/gallina/splitted_images,file-9-left-upper-corner,150,91,3
../data/raw-img/gallina/splitted_images,file-9-left-lower-corner,150,91,3
../data/raw-img/gallina/splitted_images,file-9-right-upper-corner,150,91,3
../data/raw-img/gallina/splitted_images,file-9-right-lower-corner,150,91,3
../data/raw-img/elefante/splitted_images,file-0-left-upper-corner,213,320,3
../data/raw-img/elefante/splitted_images,file-0-left-lower-corner,213,320,3
../data/raw-img/elefante/splitted_images,file-0-right-upper-corner,213,320,3
../data/raw-img/elefante/splitted_images,file-0-right-lower-corner,213,320,3
../data/raw-img/elefante/splitted_images,file-1-left-upper-corner,189,320,3
../data/raw-img/elefante/splitted_images,file-1-left-lower-corner,190,320,3
../data/raw-img/elefante/splitted_images,file-1-right-upper-corner,189,320,3
../data/raw-img/elefante/splitted_images,file-1-right-lower-corner,190,320,3
../data/raw-img/elefante/splitted_images,file-2-left-upper-corner,213,320,3
../data/raw-img/elefante/splitted_images,file-2-left-lower-corner,213,320,3
../data/raw-img/elefante/splitted_images,file-2-right-upper-corner,213,320,3
../data/raw-img/elefante/splitted_images,file-2-right-lower-corner,213,320,3
../data/raw-img/elefante/splitted_images,file-3-left-upper-corner,180,320,3
../data/raw-img/elefante/splitted_images,file-3-left-lower-corner,180,320,3
../data/raw-img/elefante/splitted_images,file-3-right-upper-corner,180,320,3
../data/raw-img/elefante/splitted_images,file-3-right-lower-corner,180,320,3
../data/raw-img/elefante/splitted_images,file-4-left-upper-corner,213,320,3
../data/raw-img/elefante/splitted_images,file-4-left-lower-corner,213,320,3
../data/raw-img/elefante/splitted_images,file-4-right-upper-corner,213,320,3
../data/raw-img/elefante/splitted_images,file-4-right-lower-corner,213,320,3
../data/raw-img/elefante/splitted_images,file-5-left-upper-corner,180,320,3
../data/raw-img/elefante/splitted_images,file-5-left-lower-corner,180,320,3
../data/raw-img/elefante/splitted_images,file-5-right-upper-corner,180,320,3
../data/raw-img/elefante/splitted_images,file-5-right-lower-corner,180,320,3
../data/raw-img/elefante/splitted_images,file-6-left-upper-corner,213,320,3
../data/raw-img/elefante/splitted_images,file-6-left-lower-corner,213,320,3
../data/raw-img/elefante/splitted_images,file-6-right-upper-corner,213,320,3
../data/raw-img/elefante/splitted_images,file-6-right-lower-corner,213,320,3
../data/raw-img/elefante/splitted_images,file-7-left-upper-corner,180,320,3
../data/raw-img/elefante/splitted_images,file-7-left-lower-corner,180,320,3
../data/raw-img/elefante/splitted_images,file-7-right-upper-corner,180,320,3
../data/raw-img/elefante/splitted_images,file-7-right-lower-corner,180,320,3
../data/raw-img/elefante/splitted_images,file-8-left-upper-corner,138,320,3
../data/raw-img/elefante/splitted_images,file-8-left-lower-corner,139,320,3
../data/raw-img/elefante/splitted_images,file-8-right-upper-corner,138,320,3
../data/raw-img/elefante/splitted_images,file-8-right-lower-corner,139,320,3
../data/raw-img/elefante/splitted_images,file-9-left-upper-corner,213,320,3
../data/raw-img/elefante/splitted_images,file-9-left-lower-corner,213,320,3
../data/raw-img/elefante/splitted_images,file-9-right-upper-corner,213,320,3
../data/raw-img/elefante/splitted_images,file-9-right-lower-corner,213,320,3
../data/raw-img/pecora/splitted_images,file-0-left-upper-corner,213,320,3
../data/raw-img/pecora/splitted_images,file-0-left-lower-corner,213,320,3
../data/raw-img/pecora/splitted_images,file-0-right-upper-corner,213,320,3
../data/raw-img/pecora/splitted_images,file-0-right-lower-corner,213,320,3
../data/raw-img/pecora/splitted_images,file-1-left-upper-corner,240,320,3
../data/raw-img/pecora/splitted_images,file-1-left-lower-corner,240,320,3
../data/raw-img/pecora/splitted_images,file-1-right-upper-corner,240,320,3
../data/raw-img/pecora/splitted_images,file-1-right-lower-corner,240,320,3
../data/raw-img/pecora/splitted_images,file-2-left-upper-corner,240,320,3
../data/raw-img/pecora/splitted_images,file-2-left-lower-corner,240,320,3
../data/raw-img/pecora/splitted_images,file-2-right-upper-corner,240,320,3
../data/raw-img/pecora/splitted_images,file-2-right-lower-corner,240,320,3
../data/raw-img/pecora/splitted_images,file-3-left-upper-corner,213,320,3
../data/raw-img/pecora/splitted_images,file-3-left-lower-corner,213,320,3
../data/raw-img/pecora/splitted_images,file-3-right-upper-corner,213,320,3
../data/raw-img/pecora/splitted_images,file-3-right-lower-corner,213,320,3
../data/raw-img/pecora/splitted_images,file-4-left-upper-corner,212,320,3
../data/raw-img/pecora/splitted_images,file-4-left-lower-corner,213,320,3
../data/raw-img/pecora/splitted_images,file-4-right-upper-corner,212,320,3
../data/raw-img/pecora/splitted_images,file-4-right-lower-corner,213,320,3
../data/raw-img/pecora/splitted_images,file-5-left-upper-corner,240,320,3
../data/raw-img/pecora/splitted_images,file-5-left-lower-corner,240,320,3
../data/raw-img/pecora/splitted_images,file-5-right-upper-corner,240,320,3
../data/raw-img/pecora/splitted_images,file-5-right-lower-corner,240,320,3
../data/raw-img/pecora/splitted_images,file-6-left-upper-corner,241,320,3
../data/raw-img/pecora/splitted_images,file-6-left-lower-corner,241,320,3
../data/raw-img/pecora/splitted_images,file-6-right-upper-corner,241,320,3
../data/raw-img/pecora/splitted_images,file-6-right-lower-corner,241,320,3
../data/raw-img/pecora/splitted_images,file-7-left-upper-corner,213,320,3
../data/raw-img/pecora/splitted_images,file-7-left-lower-corner,213,320,3
../data/raw-img/pecora/splitted_images,file-7-right-upper-corner,213,320,3
../data/raw-img/pecora/splitted_images,file-7-right-lower-corner,213,320,3
../data/raw-img/pecora/splitted_images,file-8-left-upper-corner,212,320,3
../data/raw-img/pecora/splitted_images,file-8-left-lower-corner,212,320,3
../data/raw-img/pecora/splitted_images,file-8-right-upper-corner,212,320,3
../data/raw-img/pecora/splitted_images,file-8-right-lower-corner,212,320,3
../data/raw-img/pecora/splitted_images,file-9-left-upper-corner,240,320,3
../data/raw-img/pecora/splitted_images,file-9-left-lower-corner,240,320,3
../data/raw-img/pecora/splitted_images,file-9-right-upper-corner,240,320,3
../data/raw-img/pecora/splitted_images,file-9-right-lower-corner,240,320,3
../data/raw-img/ragno/splitted_images,file-0-left-upper-corner,212,320,3
../data/raw-img/ragno/splitted_images,file-0-left-lower-corner,213,320,3
../data/raw-img/ragno/splitted_images,file-0-right-upper-corner,212,320,3
../data/raw-img/ragno/splitted_images,file-0-right-lower-corner,213,320,3
../data/raw-img/ragno/splitted_images,file-1-left-upper-corner,186,320,3
../data/raw-img/ragno/splitted_images,file-1-left-lower-corner,187,320,3
../data/raw-img/ragno/splitted_images,file-1-right-upper-corner,186,320,3
../data/raw-img/ragno/splitted_images,file-1-right-lower-corner,187,320,3
../data/raw-img/ragno/splitted_images,file-2-left-upper-corner,320,320,3
../data/raw-img/ragno/splitted_images,file-2-left-lower-corner,320,320,3
../data/raw-img/ragno/splitted_images,file-2-right-upper-corner,320,320,3
../data/raw-img/ragno/splitted_images,file-2-right-lower-corner,320,320,3
../data/raw-img/ragno/splitted_images,file-3-left-upper-corner,208,320,3
../data/raw-img/ragno/splitted_images,file-3-left-lower-corner,209,320,3
../data/raw-img/ragno/splitted_images,file-3-right-upper-corner,208,320,3
../data/raw-img/ragno/splitted_images,file-3-right-lower-corner,209,320,3
../data/raw-img/ragno/splitted_images,file-4-left-upper-corner,200,320,3
../data/raw-img/ragno/splitted_images,file-4-left-lower-corner,201,320,3
../data/raw-img/ragno/splitted_images,file-4-right-upper-corner,200,320,3
../data/raw-img/ragno/splitted_images,file-4-right-lower-corner,201,320,3
../data/raw-img/ragno/splitted_images,file-5-left-upper-corner,213,320,3
../data/raw-img/ragno/splitted_images,file-5-left-lower-corner,213,320,3
../data/raw-img/ragno/splitted_images,file-5-right-upper-corner,213,320,3
../data/raw-img/ragno/splitted_images,file-5-right-lower-corner,213,320,3
../data/raw-img/ragno/splitted_images,file-6-left-upper-corner,211,320,3
../data/raw-img/ragno/splitted_images,file-6-left-lower-corner,212,320,3
../data/raw-img/ragno/splitted_images,file-6-right-upper-corner,211,320,3
../data/raw-img/ragno/splitted_images,file-6-right-lower-corner,212,320,3
../data/raw-img/ragno/splitted_images,file-7-left-upper-corner,213,320,3
../data/raw-img/ragno/splitted_images,file-7-left-lower-corner,213,320,3
../data/raw-img/ragno/splitted_images,file-7-right-upper-corner,213,320,3
../data/raw-img/ragno/splitted_images,file-7-right-lower-corner,213,320,3
../data/raw-img/ragno/splitted_images,file-8-left-upper-corner,211,320,3
../data/raw-img/ragno/splitted_images,file-8-left-lower-corner,211,320,3
../data/raw-img/ragno/splitted_images,file-8-right-upper-corner,211,320,3
../data/raw-img/ragno/splitted_images,file-8-right-lower-corner,211,320,3
../data/raw-img/ragno/splitted_images,file-9-left-upper-corner,240,320,3
../data/raw-img/ragno/splitted_images,file-9-left-lower-corner,240,320,3
../data/raw-img/ragno/splitted_images,file-9-right-upper-corner,240,320,3
../data/raw-img/ragno/splitted_images,file-9-right-lower-corner,240,320,3
../data/raw-img/gatto/splitted_images,file-0-left-upper-corner,94,150,3
../data/raw-img/gatto/splitted_images,file-0-left-lower-corner,94,150,3
../data/raw-img/gatto/splitted_images,file-0-right-upper-corner,94,150,3
../data/raw-img/gatto/splitted_images,file-0-right-lower-corner,94,150,3
../data/raw-img/gatto/splitted_images,file-1-left-upper-corner,100,150,3
../data/raw-img/gatto/splitted_images,file-1-left-lower-corner,100,150,3
../data/raw-img/gatto/splitted_images,file-1-right-upper-corner,100,150,3
../data/raw-img/gatto/splitted_images,file-1-right-lower-corner,100,150,3
../data/raw-img/gatto/splitted_images,file-2-left-upper-corner,140,150,3
../data/raw-img/gatto/splitted_images,file-2-left-lower-corner,140,150,3
../data/raw-img/gatto/splitted_images,file-2-right-upper-corner,140,150,3
../data/raw-img/gatto/splitted_images,file-2-right-lower-corner,140,150,3
../data/raw-img/gatto/splitted_images,file-3-left-upper-corner,100,150,3
../data/raw-img/gatto/splitted_images,file-3-left-lower-corner,100,150,3
../data/raw-img/gatto/splitted_images,file-3-right-upper-corner,100,150,3
../data/raw-img/gatto/splitted_images,file-3-right-lower-corner,100,150,3
../data/raw-img/gatto/splitted_images,file-4-left-upper-corner,105,150,3
../data/raw-img/gatto/splitted_images,file-4-left-lower-corner,105,150,3
../data/raw-img/gatto/splitted_images,file-4-right-upper-corner,105,150,3
../data/raw-img/gatto/splitted_images,file-4-right-lower-corner,105,150,3
../data/raw-img/gatto/splitted_images,file-5-left-upper-corner,150,130,3
../data/raw-img/gatto/splitted_images,file-5-left-lower-corner,150,130,3
../data/raw-img/gatto/splitted_images,file-5-right-upper-corner,150,130,3
../data/raw-img/gatto/splitted_images,file-5-right-lower-corner,150,130,3
../data/raw-img/gatto/splitted_images,file-6-left-upper-corner,84,150,3
../data/raw-img/gatto/splitted_images,file-6-left-lower-corner,85,150,3
../data/raw-img/gatto/splitted_images,file-6-right-upper-corner,84,150,3
../data/raw-img/gatto/splitted_images,file-6-right-lower-corner,85,150,3
../data/raw-img/gatto/splitted_images,file-7-left-upper-corner,150,150,3
../data/raw-img/gatto/splitted_images,file-7-left-lower-corner,150,150,3
../data/raw-img/gatto/splitted_images,file-7-right-upper-corner,150,150,3
../data/raw-img/gatto/splitted_images,file-7-right-lower-corner,150,150,3
../data/raw-img/gatto/splitted_images,file-8-left-upper-corner,100,150,3
../data/raw-img/gatto/splitted_images,file-8-left-lower-corner,100,150,3
../data/raw-img/gatto/splitted_images,file-8-right-upper-corner,100,150,3
../data/raw-img/gatto/splitted_images,file-8-right-lower-corner,100,150,3
../data/raw-img/gatto/splitted_images,file-9-left-upper-corner,85,150,3
../data/raw-img/gatto/splitted_images,file-9-left-lower-corner,86,150,3
../data/raw-img/gatto/splitted_images,file-9-right-upper-corner,85,150,3
../data/raw-img/gatto/splitted_images,file-9-right-lower-corner,86,150,3
../data/raw-img/farfalla/splitted_images,file-0-left-upper-corner,320,213,3
../data/raw-img/farfalla/splitted_images,file-0-left-lower-corner,320,213,3
../data/raw-img/farfalla/splitted_images,file-0-right-upper-corner,320,213,3
../data/raw-img/farfalla/splitted_images,file-0-right-lower-corner,320,213,3
../data/raw-img/farfalla/splitted_images,file-1-left-upper-corner,320,213,3
../data/raw-img/farfalla/splitted_images,file-1-left-lower-corner,320,213,3
../data/raw-img/farfalla/splitted_images,file-1-right-upper-corner,320,213,3
../data/raw-img/farfalla/splitted_images,file-1-right-lower-corner,320,213,3
../data/raw-img/farfalla/splitted_images,file-2-left-upper-corner,320,212,3
../data/raw-img/farfalla/splitted_images,file-2-left-lower-corner,320,212,3
../data/raw-img/farfalla/splitted_images,file-2-right-upper-corner,320,213,3
../data/raw-img/farfalla/splitted_images,file-2-right-lower-corner,320,213,3
../data/raw-img/farfalla/splitted_images,file-3-left-upper-corner,223,320,3
../data/raw-img/farfalla/splitted_images,file-3-left-lower-corner,224,320,3
../data/raw-img/farfalla/splitted_images,file-3-right-upper-corner,223,320,3
../data/raw-img/farfalla/splitted_images,file-3-right-lower-corner,224,320,3
../data/raw-img/farfalla/splitted_images,file-4-left-upper-corner,240,320,3
../data/raw-img/farfalla/splitted_images,file-4-left-lower-corner,240,320,3
../data/raw-img/farfalla/splitted_images,file-4-right-upper-corner,240,320,3
../data/raw-img/farfalla/splitted_images,file-4-right-lower-corner,240,320,3
../data/raw-img/farfalla/splitted_images,file-5-left-upper-corner,228,320,3
../data/raw-img/farfalla/splitted_images,file-5-left-lower-corner,229,320,3
../data/raw-img/farfalla/splitted_images,file-5-right-upper-corner,228,320,3
../data/raw-img/farfalla/splitted_images,file-5-right-lower-corner,229,320,3
../data/raw-img/farfalla/splitted_images,file-6-left-upper-corner,227,320,3
../data/raw-img/farfalla/splitted_images,file-6-left-lower-corner,227,320,3
../data/raw-img/farfalla/splitted_images,file-6-right-upper-corner,227,320,3
../data/raw-img/farfalla/splitted_images,file-6-right-lower-corner,227,320,3
../data/raw-img/farfalla/splitted_images,file-7-left-upper-corner,320,213,3
../data/raw-img/farfalla/splitted_images,file-7-left-lower-corner,320,213,3
../data/raw-img/farfalla/splitted_images,file-7-right-upper-corner,320,213,3
../data/raw-img/farfalla/splitted_images,file-7-right-lower-corner,320,213,3
../data/raw-img/farfalla/splitted_images,file-8-left-upper-corner,212,320,3
../data/raw-img/farfalla/splitted_images,file-8-left-lower-corner,213,320,3
../data/raw-img/farfalla/splitted_images,file-8-right-upper-corner,212,320,3
../data/raw-img/farfalla/splitted_images,file-8-right-lower-corner,213,320,3
../data/raw-img/farfalla/splitted_images,file-9-left-upper-corner,212,320,3
../data/raw-img/farfalla/splitted_images,file-9-left-lower-corner,212,320,3
../data/raw-img/farfalla/splitted_images,file-9-right-upper-corner,212,320,3
../data/raw-img/farfalla/splitted_images,file-9-right-lower-corner,212,320,3
